ï..agents,humans
1.6,0
4.3,6.451612903
8.3,9.677419355
11.9,12.90322581
16.9,12.90322581
21.4,19.35483871
24.7,22.58064516
